recording_id,unit_id,unit_name,user_id,created_at
0,2,Quantum Leap,5,2024-01-15T14:23:55.000Z
1,4,Star Voyager,11,2024-02-20T09:11:30.000Z
2,1,Time Capsule,1,2024-04-12T22:45:10.000Z
3,3,Orbit Pioneer,7,2024-03-05T16:33:08.000Z
4,0,Galactic Gateway,3,2024-01-25T08:20:45.000Z
5,2,Quantum Leap,4,2024-02-28T18:55:22.000Z
6,1,Time Capsule,0,2024-04-01T12:10:36.000Z
7,4,Star Voyager,10,2024-01-03T23:50:19.000Z
8,3,Orbit Pioneer,6,2024-03-21T05:12:48.000Z
9,0,Galactic Gateway,2,2024-02-11T07:30:55.000Z
10,2,Quantum Leap,8,2024-04-25T19:44:31.000Z
11,1,Time Capsule,9,2024-01-08T13:22:17.000Z
12,4,Star Voyager,11,2024-03-15T21:05:43.000Z
13,3,Orbit Pioneer,7,2024-01-18T03:40:29.000Z
14,0,Galactic Gateway,3,2024-04-05T11:15:09.000Z
15,2,Quantum Leap,5,2024-03-28T14:55:07.000Z
16,1,Time Capsule,1,2024-02-03T17:22:53.000Z
17,4,Star Voyager,10,2024-04-20T06:31:42.000Z
18,3,Orbit Pioneer,6,2024-01-30T15:23:11.000Z
19,0,Galactic Gateway,2,2024-03-10T09:40:36.000Z
